<edmx:Edmx xmlns:edmx="http://docs.oasis-open.org/odata/ns/edmx" Version="4.0">
	<edmx:Reference Uri="http://docs.oasis-open.org/odata/odata-data-aggregation-ext/v4.0/cs02/vocabularies/Org.OData.Aggregation.V1.xml">
		<edmx:Include Alias="Aggregation" Namespace="Org.OData.Aggregation.V1"/>
	</edmx:Reference>
	<edmx:Reference Uri="http://docs.oasis-open.org/odata/odata/v4.0/errata03/os/complete/vocabularies/Org.OData.Capabilities.V1.xml">
		<edmx:Include Alias="Capabilities" Namespace="Org.OData.Capabilities.V1"/>
	</edmx:Reference>
	<edmx:Reference Uri="https://wiki.scn.sap.com/wiki/download/attachments/448470974/Common.xml?api=v2">
		<edmx:Include Alias="Common" Namespace="com.sap.vocabularies.Common.v1"/>
	</edmx:Reference>
	<edmx:Reference Uri="https://wiki.scn.sap.com/wiki/download/attachments/448470971/Communication.xml?api=v2">
		<edmx:Include Alias="vCard" Namespace="com.sap.vocabularies.Communication.v1"/>
	</edmx:Reference>
	<edmx:Reference Uri="http://docs.oasis-open.org/odata/odata/v4.0/errata03/os/complete/vocabularies/Org.OData.Core.V1.xml">
		<edmx:Include Alias="Core" Namespace="Org.OData.Core.V1"/>
	</edmx:Reference>
	<edmx:Reference Uri="http://docs.oasis-open.org/odata/odata/v4.0/errata03/os/complete/vocabularies/Org.OData.Measures.V1.xml">
		<edmx:Include Alias="CQP" Namespace="Org.OData.Measures.V1"/>
	</edmx:Reference>
	<edmx:Reference Uri="https://wiki.scn.sap.com/wiki/download/attachments/448470968/UI.xml?api=v2">
		<edmx:Include Alias="UI" Namespace="com.sap.vocabularies.UI.v1"/>
	</edmx:Reference>
	<edmx:Reference Uri="https://oasis-tcs.github.io/odata-vocabularies/vocabularies/Org.OData.Authorization.V1.xml">
		<edmx:Include Alias="Auth" Namespace="Org.OData.Authorization.V1"/>
	</edmx:Reference>
	<edmx:Reference Uri="https://oasis-tcs.github.io/odata-vocabularies/vocabularies/Org.OData.Validation.V1.xml">
		<edmx:Include Alias="Validation" Namespace="Org.OData.Validation.V1"/>
	</edmx:Reference>
	<edmx:DataServices>
		<Schema xmlns="http://docs.oasis-open.org/odata/ns/edm">
			<Annotations Target="XS_PROJECT.ZCV_BILLING_OVERVIEW.ZCV_BILLING_OVERVIEWType">
				<Annotation Term="Common.Label" String="All Available Fields"/>
				<Annotation Term="UI.SelectionPresentationVariant" Qualifier="prodhier">
					<Record Type="UI.SelectionPresentationVariantType">
						<PropertyValue Property="SelectionVariant"/>
						<PropertyValue Property="PresentationVariant">
							<Record Type="UI.PresentationVariantType">
								<PropertyValue Property="Visualizations">
									<Collection>
										<AnnotationPath>@UI.LineItem#prodhier</AnnotationPath>
									</Collection>
								</PropertyValue>
							</Record>
						</PropertyValue>
						<PropertyValue Property="Text" String="Prod"/>
					</Record>
				</Annotation>
				<Annotation Term="UI.LineItem" Qualifier="prodhier">
					<Collection>
						<Record Type="UI.DataField">
							<PropertyValue Property="Value" Path="MAT_SALES__0PRODH2___T"/>
						</Record>
						<Record Type="UI.DataField">
							<PropertyValue Property="Value" Path="MAT_SALES__0PRODH3___T"/>
						</Record>
						<Record Type="UI.DataField">
							<PropertyValue Property="Value" Path="PY_YTD"/>
						</Record>
						<Record Type="UI.DataField">
							<PropertyValue Property="Value" Path="CY_YTD"/>
						</Record>
					</Collection>
				</Annotation>
				<Annotation Term="Common.Label" String="Available Fields" Qualifier="c1"/>
				<Annotation Term="UI.PresentationVariant">
					<Record Type="UI.PresentationVariantType">
						<PropertyValue Property="SortOrder">
							<Collection>
								<Record Type="Common.SortOrderType">
									<PropertyValue Property="Property" PropertyPath="CY_YTD"/>
									<PropertyValue Property="Descending" Bool="true"/>
								</Record>
								<Record Type="Common.SortOrderType">
									<PropertyValue Property="Property" PropertyPath="CY_QTD"/>
									<PropertyValue Property="Descending" Bool="true"/>
								</Record>
								<Record Type="Common.SortOrderType">
									<PropertyValue Property="Property" PropertyPath="CY_YTD"/>
									<PropertyValue Property="Descending" Bool="true"/>
								</Record>
							</Collection>
						</PropertyValue>
						<PropertyValue Property="GroupBy"/>
						<PropertyValue Property="TotalBy"/>
						<PropertyValue Property="Total"/>
						<PropertyValue Property="Visualizations">
							<Collection>
								<AnnotationPath>@UI.LineItem</AnnotationPath>
								<AnnotationPath>@UI.Chart</AnnotationPath>
							</Collection>
						</PropertyValue>
						<PropertyValue Property="RequestAtLeast"/>
					</Record>
				</Annotation>
				<Annotation Term="UI.SelectionFields">
					<Collection>
						<PropertyPath>COMM_GRP</PropertyPath>
						<PropertyPath>SOLDTO_NUM</PropertyPath>
						<PropertyPath>SOLDTO_TX</PropertyPath>
					</Collection>
				</Annotation>
				<Annotation Term="UI.LineItem">
					<Collection>
						<Record Type="UI.DataField">
							<PropertyValue Property="Value" Path="SOLDTO_TX"/>
						</Record>
						<Record Type="UI.DataField">
							<PropertyValue Property="Value" Path="CY_MTD"/>
						</Record>
						<Record Type="UI.DataField">
							<PropertyValue Property="Value" Path="MTD_GROWTH"/>
						</Record>
						<Record Type="UI.DataField">
							<PropertyValue Property="Value" Path="CY_QTD"/>
						</Record>
						<Record Type="UI.DataField">
							<PropertyValue Property="Value" Path="QTD_GROWTH"/>
						</Record>
						<Record Type="UI.DataField">
							<PropertyValue Property="Value" Path="CY_YTD"/>
						</Record>
						<Record Type="UI.DataField">
							<PropertyValue Property="Value" Path="YTD_GROWTH"/>
						</Record>
					</Collection>
					<Annotation Term="Common.Label" String="lab"/>
				</Annotation>
				<Annotation Term="UI.Chart">
					<Record Type="UI.ChartDefinitionType">
						<PropertyValue Property="ChartType" EnumMember="UI.ChartType/Column"/>
						<PropertyValue Property="Measures">
							<Collection>
								<PropertyPath>CY_YTD</PropertyPath>
								<PropertyPath>PY_YTD</PropertyPath>
							</Collection>
						</PropertyValue>
						<PropertyValue Property="MeasureAttributes">
							<Collection>
								<Record Type="UI.ChartMeasureAttributeType">
									<PropertyValue Property="Measure" PropertyPath="CY_YTD"/>
									<PropertyValue Property="Role" EnumMember="UI.ChartMeasureRoleType/Axis1"/>
								</Record>
								<Record Type="UI.ChartMeasureAttributeType">
									<PropertyValue Property="Measure" PropertyPath="PY_YTD"/>
									<PropertyValue Property="Role" EnumMember="UI.ChartMeasureRoleType/Axis1"/>
								</Record>
							</Collection>
						</PropertyValue>
						<PropertyValue Property="Dimensions">
							<Collection>
								<PropertyPath>COMM_GRP</PropertyPath>
							</Collection>
						</PropertyValue>
						<PropertyValue Property="DimensionAttributes">
							<Collection>
								<Record Type="UI.ChartDimensionAttributeType">
									<PropertyValue Property="Dimension" PropertyPath="COMM_GRP"/>
									<PropertyValue Property="Role" EnumMember="UI.ChartDimensionRoleType/Category"/>
								</Record>
							</Collection>
						</PropertyValue>
						<PropertyValue Property="Actions"/>
					</Record>
				</Annotation>
			</Annotations>
			<Annotations Target="XS_PROJECT.ZCV_BILLING_OVERVIEW.ZCV_BILLING_OVERVIEWType/ID">
				<Annotation Term="UI.Hidden"/>
			</Annotations>
			<Annotations Target="XS_PROJECT.ZCV_BILLING_OVERVIEW.ZCV_BILLING_OVERVIEWType/LASTDAY">
				<Annotation Term="UI.Hidden"/>
			</Annotations>
			<Annotations Target="XS_PROJECT.ZCV_BILLING_OVERVIEW.ZCV_BILLING_OVERVIEWType/YTD_GROWTH">
				<Annotation Term="CQP.Unit" Path="PER_UNIT"/>
			</Annotations>
			<Annotations Target="XS_PROJECT.ZCV_BILLING_OVERVIEW.ZCV_BILLING_OVERVIEWType/MTD_GROWTH">
				<Annotation Term="CQP.Unit" Path="PER_UNIT"/>
			</Annotations>
			<Annotations Target="XS_PROJECT.ZCV_BILLING_OVERVIEW.ZCV_BILLING_OVERVIEWType/QTD_GROWTH">
				<Annotation Term="CQP.Unit" Path="PER_UNIT"/>
			</Annotations>
			<Annotations Target="XS_PROJECT.ZCV_BILLING_OVERVIEW.ZCV_BILLING_OVERVIEWType/CY_MTD">
				<Annotation Term="CQP.Unit" Path="NET_VAL_S_CURRENCY"/>
			</Annotations>
			<Annotations Target="XS_PROJECT.ZCV_BILLING_OVERVIEW.ZCV_BILLING_OVERVIEWType/CY_QTD">
				<Annotation Term="CQP.Unit" Path="NET_VAL_S_CURRENCY"/>
			</Annotations>
			<Annotations Target="XS_PROJECT.ZCV_BILLING_OVERVIEW.ZCV_BILLING_OVERVIEWType/CY_YTD">
				<Annotation Term="CQP.Unit" Path="NET_VAL_S_CURRENCY"/>
			</Annotations>
			<Annotations Target="XS_PROJECT.ZCV_BILLING_OVERVIEW.ZCV_BILLING_OVERVIEWType/PY_MTD">
				<Annotation Term="CQP.Unit" Path="NET_VAL_S_CURRENCY"/>
			</Annotations>
			<Annotations Target="XS_PROJECT.ZCV_BILLING_OVERVIEW.ZCV_BILLING_OVERVIEWType/PY_QTD">
				<Annotation Term="CQP.Unit" Path="NET_VAL_S_CURRENCY"/>
			</Annotations>
			<Annotations Target="XS_PROJECT.ZCV_BILLING_OVERVIEW.ZCV_BILLING_OVERVIEWType/PY_YTD">
				<Annotation Term="CQP.Unit" Path="NET_VAL_S_CURRENCY"/>
			</Annotations>
			<Annotations Target="XS_PROJECT.ZCV_BILLING_OVERVIEW.ZCV_BILLING_OVERVIEWType/CRM_SOLDTO__0CRM_TR">
				<Annotation Term="UI.Hidden"/>
			</Annotations>
			<Annotations Target="XS_PROJECT.ZCV_BILLING_OVERVIEW.ZCV_BILLING_OVERVIEWType/CRM_SOLDTO__ZCRMTRBR">
				<Annotation Term="UI.Hidden"/>
			</Annotations>
			<Annotations Target="XS_PROJECT.ZCV_BILLING_OVERVIEW.ZCV_BILLING_OVERVIEWType/CRM_SOLDTO__ZCRMTRRG">
				<Annotation Term="UI.Hidden"/>
			</Annotations>
			<Annotations Target="XS_PROJECT.ZCV_BILLING_OVERVIEW.ZCV_BILLING_OVERVIEWType/PER_UNIT">
				<Annotation Term="UI.Hidden"/>
			</Annotations>
			<Annotations Target="XS_PROJECT.ZCV_BILLING_OVERVIEW.ZCV_BILLING_OVERVIEWType/DOC_NUMBER">
				<Annotation Term="Common.SemanticObject" String="ZBI_LST05"/>
			</Annotations>
			<Annotations Target="XS_PROJECT.ZCV_BILLING_OVERVIEW.ZCV_BILLING_OVERVIEWType/BILL_NUM">
				<Annotation Term="Common.SemanticObject" String="BIINVSRCH"/>
			</Annotations>
			<Annotations Target="XS_PROJECT.ZCV_BILLING_OVERVIEW.ZCV_BILLING_OVERVIEWType/DIVISION">
				<Annotation Term="UI.HiddenFilter"/>
				<Annotation Term="UI.Hidden"/>
			</Annotations>
			<Annotations Target="XS_PROJECT.ZCV_BILLING_OVERVIEW.ZCV_BILLING_OVERVIEWType/CRM_SOLDTO__ZORGREG">
				<Annotation Term="UI.Hidden" Bool="true"/>
			</Annotations>
			<Annotations Target="XS_PROJECT.ZCV_BILLING_OVERVIEW.ZCV_BILLING_OVERVIEWType/YTD_GROWTH_AMT">
				<Annotation Term="CQP.Unit" String="$"/>
			</Annotations>
			<Annotations Target="XS_PROJECT.ZCV_BILLING_OVERVIEW.ZCV_BILLING_OVERVIEWType/MTD_GROWTH_AMT">
				<Annotation Term="CQP.Unit" String="$"/>
			</Annotations>
			<Annotations Target="XS_PROJECT.ZCV_BILLING_OVERVIEW.ZCV_BILLING_OVERVIEWType/QTD_GROWTH_AMT">
				<Annotation Term="CQP.Unit" String="$"/>
			</Annotations>
			<Annotations Target="XS_PROJECT.ZCV_BILLING_OVERVIEW.ZCV_BILLING_OVERVIEWType/CY_YTD_QTY">
				<Annotation Term="CQP.Unit" Path="BASE_UOM___T"/>
			</Annotations>
			<Annotations Target="XS_PROJECT.ZCV_BILLING_OVERVIEW.ZCV_BILLING_OVERVIEWType/CY_QTD_QTY">
				<Annotation Term="CQP.Unit" Path="BASE_UOM___T"/>
			</Annotations>
			<Annotations Target="XS_PROJECT.ZCV_BILLING_OVERVIEW.ZCV_BILLING_OVERVIEWType/CY_MTD_QTY">
				<Annotation Term="CQP.Unit" Path="BASE_UOM___T"/>
			</Annotations>
		</Schema>
	</edmx:DataServices>
</edmx:Edmx>