<edmx:Edmx xmlns:edmx="http://schemas.microsoft.com/ado/2007/06/edmx" xmlns:sap="http://www.sap.com/Protocols/SAPData" Version="1.0">
	<edmx:DataServices xmlns:m="http://schemas.microsoft.com/ado/2007/08/dataservices/metadata" m:DataServiceVersion="2.0">
		<Schema xmlns:d="http://schemas.microsoft.com/ado/2007/08/dataservices"
			xmlns:m="http://schemas.microsoft.com/ado/2007/08/dataservices/metadata" xmlns="http://schemas.microsoft.com/ado/2008/09/edm"
			Namespace="XS_PROJECT.ZCV_BILLING_OVERVIEW">
			<EntityType Name="ZCV_BILLING_OVERVIEWType" sap:semantics="aggregate">
				<Key><PropertyRef Name="ID"/></Key><Property Name="ID" Type="Edm.String" Nullable="false" MaxLength="2147483647" sap:filterable="false"/><Property Name="CRM_SOLDTO__0CRM_TR" Type="Edm.String" MaxLength="32" sap:label="Territory" sap:aggregation-role="dimension"/><Property Name="DIVISION___T" Type="Edm.String" MaxLength="20" sap:label="Division" sap:aggregation-role="dimension"/><Property Name="NET_VAL_S_CURRENCY" Type="Edm.String" MaxLength="5" sap:label="Currency" sap:aggregation-role="dimension"/><Property Name="COMP_CODE___T" Type="Edm.String" MaxLength="40" sap:label="Company Code" sap:aggregation-role="dimension"/><Property Name="DIVISION" Type="Edm.String" MaxLength="2" sap:label="Division" sap:aggregation-role="dimension"/><Property Name="BILL_NUM" Type="Edm.String" MaxLength="10" sap:label="Invoice #" sap:aggregation-role="dimension"/><Property Name="BILL_TYPE___T" Type="Edm.String" MaxLength="20" sap:label="Invoice Type" sap:aggregation-role="dimension"/><Property Name="DOC_TYPE___T" Type="Edm.String" MaxLength="20" sap:label="Sales Type" sap:aggregation-role="dimension"/><Property Name="SOLD_TO__0POSTAL_CD" Type="Edm.String" MaxLength="10" sap:label="Sold To Postal Code" sap:aggregation-role="dimension"/><Property Name="SOLD_TO__0CITY" Type="Edm.String" MaxLength="35" sap:label="Sold To City" sap:aggregation-role="dimension"/><Property Name="MATERIAL___T" Type="Edm.String" MaxLength="40" sap:label="Item Description" sap:aggregation-role="dimension"/><Property Name="MAT_SALES__ZVEND_SEL" Type="Edm.String" MaxLength="10" sap:label="Sell Vendor #" sap:aggregation-role="dimension"/><Property Name="MAT_SALES__ZVEND_SEL___T" Type="Edm.String" MaxLength="40" sap:label="Sell Vendor Name" sap:aggregation-role="dimension"/><Property Name="BASE_UOM___T" Type="Edm.String" MaxLength="10" sap:label="Unit of Measure" sap:aggregation-role="dimension"/><Property Name="ITEM_CATEG___T" Type="Edm.String" MaxLength="20" sap:label="Item Type" sap:aggregation-role="dimension"/><Property Name="CRM_SOLDTO__0SALES_OFF" Type="Edm.String" MaxLength="4" sap:label="Branch #" sap:aggregation-role="dimension"/><Property Name="CRM_SOLDTO__0SALES_OFF___T" Type="Edm.String" MaxLength="20" sap:label="Branch Name" sap:aggregation-role="dimension"/><Property Name="CRM_OBJ_ID" Type="Edm.String" MaxLength="12" sap:label="Service Order #" sap:aggregation-role="dimension"/><Property Name="CRM_SOLDTO__ZORGREG" Type="Edm.String" MaxLength="8" sap:label="Region" sap:aggregation-role="dimension"/><Property Name="CRM_SOLDTO__ZORGREG___T" Type="Edm.String" MaxLength="20" sap:label="Region" sap:aggregation-role="dimension"/><Property Name="CRM_SOLDTO__ZCRMTRDT___T" Type="Edm.String" MaxLength="40" sap:label="District Name" sap:aggregation-role="dimension"/><Property Name="MAT_SALES__0PRODH2___T" Type="Edm.String" MaxLength="40" sap:label="Prod. Hier L2" sap:aggregation-role="dimension"/><Property Name="MAT_SALES__0PRODH3___T" Type="Edm.String" MaxLength="40" sap:label="Prod. Hier L3" sap:aggregation-role="dimension"/><Property Name="SOLDTO_NUM" Type="Edm.String" MaxLength="10" sap:label="Sold To #" sap:aggregation-role="dimension"/><Property Name="SOLDTO_TX" Type="Edm.String" MaxLength="30" sap:label="Sold To Name" sap:aggregation-role="dimension"/><Property Name="DATE" Type="Edm.DateTime" sap:display-format="Date" sap:label="Invoice Date" sap:aggregation-role="dimension"/><Property Name="PER_UNIT" Type="Edm.String" MaxLength="1" sap:semantics="unit-of-measure" sap:label="%" sap:aggregation-role="dimension"/><Property Name="COMM_GRP" Type="Edm.String" MaxLength="20" sap:label="Commission Group" sap:aggregation-role="dimension"/><Property Name="DOC_NUMBER" Type="Edm.String" MaxLength="10" sap:label="Sales Order #" sap:aggregation-role="dimension"/><Property Name="FISCPER" Type="Edm.String" MaxLength="7" sap:label="Fiscal year / period" sap:aggregation-role="dimension"/><Property Name="MATERIAL" Type="Edm.String" MaxLength="13" sap:label="Item #" sap:aggregation-role="dimension"/><Property Name="CRM_SOLDTO__0EMPLOYEE" Type="Edm.String" MaxLength="8" sap:label="Sales Rep #" sap:aggregation-role="dimension"/><Property Name="CRM_SOLDTO__0EMPLOYEE___T" Type="Edm.String" MaxLength="40" sap:label="Sales Rep. Name" sap:aggregation-role="dimension"/><Property Name="YTD_GROWTH" Type="Edm.Decimal" Precision="10" Scale="2" sap:filterable="false" sap:label="% Growth YTD"
					sap:aggregation-role="measure" sap:unit="PER_UNIT"/><Property Name="MTD_GROWTH" Type="Edm.Decimal" Precision="10" Scale="2" sap:filterable="false" sap:label="% Growth MTD"
					sap:aggregation-role="measure" sap:unit="PER_UNIT"/><Property Name="QTD_GROWTH" Type="Edm.Decimal" Precision="11" Scale="2" sap:filterable="false" sap:label="% Growth QTD"
					sap:aggregation-role="measure" sap:unit="PER_UNIT"/><Property Name="YTD_GROWTH_AMT" Type="Edm.Decimal" Precision="10" Scale="2" sap:filterable="false" sap:label="$ Growth YTD"
					sap:aggregation-role="measure" sap:unit="PER_UNIT"/><Property Name="MTD_GROWTH_AMT" Type="Edm.Decimal" Precision="10" Scale="2" sap:filterable="false" sap:label="$ Growth MTD"
					sap:aggregation-role="measure" sap:unit="PER_UNIT"/><Property Name="QTD_GROWTH_AMT" Type="Edm.Decimal" Precision="11" Scale="2" sap:filterable="false" sap:label="$ Growth QTD"
					sap:aggregation-role="measure" sap:unit="PER_UNIT"/><Property Name="CY_YTD" Type="Edm.Decimal" Precision="12" Scale="2" sap:filterable="false" sap:label="Current Year YTD"
					sap:aggregation-role="measure"/><Property Name="PY_YTD" Type="Edm.Decimal" Precision="12" Scale="2" sap:filterable="false" sap:label="Previous Year YTD"
					sap:aggregation-role="measure"/><Property Name="CY_QTD" Type="Edm.Decimal" Precision="12" Scale="2" sap:filterable="false" sap:label="Current Year QTD"
					sap:aggregation-role="measure"/><Property Name="PY_QTD" Type="Edm.Decimal" Precision="12" Scale="2" sap:filterable="false" sap:label="Previous Year QTD"
					sap:aggregation-role="measure"/><Property Name="CY_MTD" Type="Edm.Decimal" Precision="12" Scale="2" sap:filterable="false" sap:label="Current Year MTD"
					sap:aggregation-role="measure"/><Property Name="PY_MTD" Type="Edm.Decimal" Precision="12" Scale="2" sap:filterable="false" sap:label="Previous Year MTD"
					sap:aggregation-role="measure"/><Property Name="LASTDAY" Type="Edm.Decimal" Precision="12" Scale="2" sap:filterable="false" sap:label="Yesterday's Sales"
					sap:aggregation-role="measure"/><Property Name="CY_MTD_QTY" Type="Edm.Decimal" Precision="10" Scale="2" sap:filterable="false" sap:label="CY MTD Qty"
					sap:aggregation-role="measure"/><Property Name="CY_QTD_QTY" Type="Edm.Decimal" Precision="10" Scale="2" sap:filterable="false" sap:label="CY QTD Qty"
					sap:aggregation-role="measure"/><Property Name="CY_YTD_QTY" Type="Edm.Decimal" Precision="10" Scale="2" sap:filterable="false" sap:label="CY YTD Qty"
					sap:aggregation-role="measure"/></EntityType>
			<EntityContainer Name="ZCV_BILLING_OVERVIEW" m:IsDefaultEntityContainer="true"><EntitySet Name="ZCV_BILLING_OVERVIEW" EntityType="XS_PROJECT.ZCV_BILLING_OVERVIEW.ZCV_BILLING_OVERVIEWType"/></EntityContainer>
		</Schema>
	</edmx:DataServices>
</edmx:Edmx>